"URI","Label","Definition","Notation","Status","AcceptedDate"
"http://dd.eionet.europa.eu/vocabulary/eurostat/itm_newa/01000","Cereals (including seeds)","","01000","valid","2010-04-20"
"http://dd.eionet.europa.eu/vocabulary/eurostat/itm_newa/01100","Wheat and spelt","","01100","valid","2010-04-20"
"http://dd.eionet.europa.eu/vocabulary/eurostat/itm_newa/01110","Soft wheat and spelt","","01110","valid","2010-04-20"
"http://dd.eionet.europa.eu/vocabulary/eurostat/itm_newa/01120","Durum wheat","","01120","valid","2010-04-20"
"http://dd.eionet.europa.eu/vocabulary/eurostat/itm_newa/01200","Rye and meslin","","01200","valid","2010-04-20"
"http://dd.eionet.europa.eu/vocabulary/eurostat/itm_newa/01300","Barley","","01300","valid","2010-04-20"
"http://dd.eionet.europa.eu/vocabulary/eurostat/itm_newa/01400","Oats and summer cereal mixtures","","01400","valid","2010-04-20"
"http://dd.eionet.europa.eu/vocabulary/eurostat/itm_newa/01500","Grain maize","","01500","valid","2010-04-20"
"http://dd.eionet.europa.eu/vocabulary/eurostat/itm_newa/01600","Rice","","01600","valid","2010-04-20"
"http://dd.eionet.europa.eu/vocabulary/eurostat/itm_newa/01900","Other cereals","","01900","valid","2010-04-20"
"http://dd.eionet.europa.eu/vocabulary/eurostat/itm_newa/02000","INDUSTRIAL CROPS","","02000","valid","2010-04-20"
"http://dd.eionet.europa.eu/vocabulary/eurostat/itm_newa/02100","Oil seeds and oleaginous fruits (including seeds)","","02100","valid","2010-04-20"
"http://dd.eionet.europa.eu/vocabulary/eurostat/itm_newa/02110","Rape and turnip rape seed","","02110","valid","2010-04-20"
"http://dd.eionet.europa.eu/vocabulary/eurostat/itm_newa/02120","Sunflower","","02120","valid","2010-04-20"
"http://dd.eionet.europa.eu/vocabulary/eurostat/itm_newa/02130","Soya","","02130","valid","2010-04-20"
"http://dd.eionet.europa.eu/vocabulary/eurostat/itm_newa/02190","Other oleaginous products","","02190","valid","2010-04-20"
"http://dd.eionet.europa.eu/vocabulary/eurostat/itm_newa/02200","Protein crops (including seeds)","","02200","valid","2010-04-20"
"http://dd.eionet.europa.eu/vocabulary/eurostat/itm_newa/02300","Raw tobacco","","02300","valid","2010-04-20"
"http://dd.eionet.europa.eu/vocabulary/eurostat/itm_newa/02400","Sugar beet","","02400","valid","2010-04-20"
"http://dd.eionet.europa.eu/vocabulary/eurostat/itm_newa/02900","Other industrial crops","","02900","valid","2010-04-20"
"http://dd.eionet.europa.eu/vocabulary/eurostat/itm_newa/02910","Fibre plants","","02910","valid","2010-04-20"
"http://dd.eionet.europa.eu/vocabulary/eurostat/itm_newa/02920","Hops","","02920","valid","2010-04-20"
"http://dd.eionet.europa.eu/vocabulary/eurostat/itm_newa/02930","Other industrial crops: others","","02930","valid","2010-04-20"
"http://dd.eionet.europa.eu/vocabulary/eurostat/itm_newa/03000","FORAGE PLANTS","","03000","valid","2010-04-20"
"http://dd.eionet.europa.eu/vocabulary/eurostat/itm_newa/03100","Fodder maize","","03100","valid","2010-04-20"
"http://dd.eionet.europa.eu/vocabulary/eurostat/itm_newa/03200","Fodder root crops (including forage beet)","","03200","valid","2010-04-20"
"http://dd.eionet.europa.eu/vocabulary/eurostat/itm_newa/03900","Other forage plants","","03900","valid","2010-04-20"
"http://dd.eionet.europa.eu/vocabulary/eurostat/itm_newa/04000","VEGETABLES AND HORTICULTURAL PRODUCTS","","04000","valid","2010-04-20"
"http://dd.eionet.europa.eu/vocabulary/eurostat/itm_newa/04100","Fresh vegetables","","04100","valid","2010-04-20"
"http://dd.eionet.europa.eu/vocabulary/eurostat/itm_newa/04110","Cauliflower","","04110","valid","2010-04-20"
"http://dd.eionet.europa.eu/vocabulary/eurostat/itm_newa/04120","Tomatoes","","04120","valid","2010-04-20"
"http://dd.eionet.europa.eu/vocabulary/eurostat/itm_newa/04190","Other fresh vegetables","","04190","valid","2010-04-20"
"http://dd.eionet.europa.eu/vocabulary/eurostat/itm_newa/04200","Plants and flowers","","04200","valid","2010-04-20"
"http://dd.eionet.europa.eu/vocabulary/eurostat/itm_newa/04210","Nursery plants","","04210","valid","2010-04-20"
"http://dd.eionet.europa.eu/vocabulary/eurostat/itm_newa/04220","Ornamental plants and flowers (including Christmas trees)","","04220","valid","2010-04-20"
"http://dd.eionet.europa.eu/vocabulary/eurostat/itm_newa/04230","Plantations","","04230","valid","2010-04-20"
"http://dd.eionet.europa.eu/vocabulary/eurostat/itm_newa/05000","POTATOES (including seeds)","","05000","valid","2010-04-20"
"http://dd.eionet.europa.eu/vocabulary/eurostat/itm_newa/06000","FRUITS","","06000","valid","2010-04-20"
"http://dd.eionet.europa.eu/vocabulary/eurostat/itm_newa/06100","Fresh fruit","","06100","valid","2010-04-20"
"http://dd.eionet.europa.eu/vocabulary/eurostat/itm_newa/06110","Dessert apples","","06110","valid","2010-04-20"
"http://dd.eionet.europa.eu/vocabulary/eurostat/itm_newa/06120","Dessert pears","","06120","valid","2010-04-20"
"http://dd.eionet.europa.eu/vocabulary/eurostat/itm_newa/06130","Peaches","","06130","valid","2010-04-20"
"http://dd.eionet.europa.eu/vocabulary/eurostat/itm_newa/06190","Other fresh fruit","","06190","valid","2010-04-20"
"http://dd.eionet.europa.eu/vocabulary/eurostat/itm_newa/06200","Citrus fruits","","06200","valid","2010-04-20"
"http://dd.eionet.europa.eu/vocabulary/eurostat/itm_newa/06210","Sweet oranges","","06210","valid","2010-04-20"
"http://dd.eionet.europa.eu/vocabulary/eurostat/itm_newa/06220","Mandarins","","06220","valid","2010-04-20"
"http://dd.eionet.europa.eu/vocabulary/eurostat/itm_newa/06230","Lemons","","06230","valid","2010-04-20"
"http://dd.eionet.europa.eu/vocabulary/eurostat/itm_newa/06290","Other citrus fruits","","06290","valid","2010-04-20"
"http://dd.eionet.europa.eu/vocabulary/eurostat/itm_newa/06300","Tropical fruit","","06300","valid","2010-04-20"
"http://dd.eionet.europa.eu/vocabulary/eurostat/itm_newa/06400","Grapes","","06400","valid","2010-04-20"
"http://dd.eionet.europa.eu/vocabulary/eurostat/itm_newa/06410","Dessert grapes","","06410","valid","2010-04-20"
"http://dd.eionet.europa.eu/vocabulary/eurostat/itm_newa/06490","Other grapes","","06490","valid","2010-04-20"
"http://dd.eionet.europa.eu/vocabulary/eurostat/itm_newa/06500","Olives","","06500","valid","2010-04-20"
"http://dd.eionet.europa.eu/vocabulary/eurostat/itm_newa/06510","Table olives","","06510","valid","2010-04-20"
"http://dd.eionet.europa.eu/vocabulary/eurostat/itm_newa/06590","Other olives","","06590","valid","2010-04-20"
"http://dd.eionet.europa.eu/vocabulary/eurostat/itm_newa/07000","WINE","","07000","valid","2010-04-20"
"http://dd.eionet.europa.eu/vocabulary/eurostat/itm_newa/07100","Table wine","","07100","valid","2010-04-20"
"http://dd.eionet.europa.eu/vocabulary/eurostat/itm_newa/07200","Quality wine","","07200","valid","2010-04-20"
"http://dd.eionet.europa.eu/vocabulary/eurostat/itm_newa/08000","OLIVE OIL","","08000","valid","2010-04-20"
"http://dd.eionet.europa.eu/vocabulary/eurostat/itm_newa/09000","OTHER CROP PRODUCTS","","09000","valid","2010-04-20"
"http://dd.eionet.europa.eu/vocabulary/eurostat/itm_newa/09100","Vegetable materials used primarily for plaiting","","09100","valid","2010-04-20"
"http://dd.eionet.europa.eu/vocabulary/eurostat/itm_newa/09200","Seeds","","09200","valid","2010-04-20"
"http://dd.eionet.europa.eu/vocabulary/eurostat/itm_newa/09900","Other crop products: others","","09900","valid","2010-04-20"
"http://dd.eionet.europa.eu/vocabulary/eurostat/itm_newa/10000","CROP OUTPUT","","10000","valid","2010-04-20"
"http://dd.eionet.europa.eu/vocabulary/eurostat/itm_newa/11000","ANIMALS","","11000","valid","2010-04-20"
"http://dd.eionet.europa.eu/vocabulary/eurostat/itm_newa/11100","Cattle","","11100","valid","2010-04-20"
"http://dd.eionet.europa.eu/vocabulary/eurostat/itm_newa/11200","Pigs","","11200","valid","2010-04-20"
"http://dd.eionet.europa.eu/vocabulary/eurostat/itm_newa/11300","Equines","","11300","valid","2010-04-20"
"http://dd.eionet.europa.eu/vocabulary/eurostat/itm_newa/11400","Sheep and goats","","11400","valid","2010-04-20"
"http://dd.eionet.europa.eu/vocabulary/eurostat/itm_newa/11500","Poultry","","11500","valid","2010-04-20"
"http://dd.eionet.europa.eu/vocabulary/eurostat/itm_newa/11900","Other animals","","11900","valid","2010-04-20"
"http://dd.eionet.europa.eu/vocabulary/eurostat/itm_newa/12000","ANIMAL PRODUCTS","","12000","valid","2010-04-20"
"http://dd.eionet.europa.eu/vocabulary/eurostat/itm_newa/12100","Milk","","12100","valid","2010-04-20"
"http://dd.eionet.europa.eu/vocabulary/eurostat/itm_newa/12200","Eggs","","12200","valid","2010-04-20"
"http://dd.eionet.europa.eu/vocabulary/eurostat/itm_newa/12900","Other animal products","","12900","valid","2010-04-20"
"http://dd.eionet.europa.eu/vocabulary/eurostat/itm_newa/12910","Raw wool","","12910","valid","2010-04-20"
"http://dd.eionet.europa.eu/vocabulary/eurostat/itm_newa/12920","Silkworm cocoons","","12920","valid","2010-04-20"
"http://dd.eionet.europa.eu/vocabulary/eurostat/itm_newa/12930","Other animal products: others","","12930","valid","2010-04-20"
"http://dd.eionet.europa.eu/vocabulary/eurostat/itm_newa/13000","ANIMAL OUTPUT","","13000","valid","2010-04-20"
"http://dd.eionet.europa.eu/vocabulary/eurostat/itm_newa/14000","AGRICULTURAL GOODS OUTPUT","","14000","valid","2010-04-20"
"http://dd.eionet.europa.eu/vocabulary/eurostat/itm_newa/15000","AGRICULTURAL SERVICES OUTPUT","","15000","valid","2010-04-20"
"http://dd.eionet.europa.eu/vocabulary/eurostat/itm_newa/15100","AGRICULTURAL SERVICES","","15100","valid","2010-04-20"
"http://dd.eionet.europa.eu/vocabulary/eurostat/itm_newa/15200","RENTING OF MILK QUOTA","","15200","valid","2010-04-20"
"http://dd.eionet.europa.eu/vocabulary/eurostat/itm_newa/16000","AGRICULTURAL OUTPUT","","16000","valid","2010-04-20"
"http://dd.eionet.europa.eu/vocabulary/eurostat/itm_newa/17000","SECONDARY ACTIVITIES (INSEPARABLE)","","17000","valid","2010-04-20"
"http://dd.eionet.europa.eu/vocabulary/eurostat/itm_newa/17100","TRANSFORMATION OF AGRICULTURAL PRODUCTS","","17100","valid","2010-04-20"
"http://dd.eionet.europa.eu/vocabulary/eurostat/itm_newa/17110","TRANSFORMATION OF AGRICULTURAL PRODUCTS - cereals","","17110","valid","2010-04-20"
"http://dd.eionet.europa.eu/vocabulary/eurostat/itm_newa/17120","TRANSFORMATION OF AGRICULTURAL PRODUCTS - vegetables","","17120","valid","2010-04-20"
"http://dd.eionet.europa.eu/vocabulary/eurostat/itm_newa/17130","TRANSFORMATION OF AGRICULTURAL PRODUCTS - fruits","","17130","valid","2010-04-20"
"http://dd.eionet.europa.eu/vocabulary/eurostat/itm_newa/17140","TRANSFORMATION OF AGRICULTURAL PRODUCTS - wine","","17140","valid","2010-04-20"
"http://dd.eionet.europa.eu/vocabulary/eurostat/itm_newa/17150","TRANSFORMATION OF AGRICULTURAL PRODUCTS - animals","","17150","valid","2010-04-20"
"http://dd.eionet.europa.eu/vocabulary/eurostat/itm_newa/17160","TRANSFORMATION OF AGRICULTURAL PRODUCTS - animal products","","17160","valid","2010-04-20"
"http://dd.eionet.europa.eu/vocabulary/eurostat/itm_newa/17161","TRANSFORMATION OF AGRICULTURAL PRODUCTS - animal products : milk","","17161","valid","2010-04-20"
"http://dd.eionet.europa.eu/vocabulary/eurostat/itm_newa/17162","TRANSFORMATION OF AGRICULTURAL PRODUCTS - animal products : other animal products","","17162","valid","2010-04-20"
"http://dd.eionet.europa.eu/vocabulary/eurostat/itm_newa/17190","TRANSFORMATION OF AGRICULTURAL PRODUCTS - other","","17190","valid","2010-04-20"
"http://dd.eionet.europa.eu/vocabulary/eurostat/itm_newa/17900","OTHER NON-SEPARABLE SECONDARY ACTIVITIES (GOODS AND SERVICES)","","17900","valid","2010-04-20"
"http://dd.eionet.europa.eu/vocabulary/eurostat/itm_newa/18000","OUTPUT OF THE AGRICULTURAL 'INDUSTRY'","","18000","valid","2010-04-20"
"http://dd.eionet.europa.eu/vocabulary/eurostat/itm_newa/19000","TOTAL INTERMEDIATE CONSUMPTION","","19000","valid","2010-04-20"
"http://dd.eionet.europa.eu/vocabulary/eurostat/itm_newa/19010","SEEDS AND PLANTING STOCK (INTERMEDIATE CONSUMPTION)","","19010","valid","2010-04-20"
"http://dd.eionet.europa.eu/vocabulary/eurostat/itm_newa/19011","SEEDS AND PLANTING STOCK (INTERMEDIATE CONSUMPTION) supplied by other agricultural holdings","","19011","valid","2010-04-20"
"http://dd.eionet.europa.eu/vocabulary/eurostat/itm_newa/19012","SEEDS AND PLANTING STOCK (INTERMEDIATE CONSUMPTION) purchased from outside the agricultural 'industry'","","19012","valid","2010-04-20"
"http://dd.eionet.europa.eu/vocabulary/eurostat/itm_newa/19020","ENERGY; LUBRICANTS","","19020","valid","2010-04-20"
"http://dd.eionet.europa.eu/vocabulary/eurostat/itm_newa/19021","ENERGY; LUBRICANTS - electricity","","19021","valid","2010-04-20"
"http://dd.eionet.europa.eu/vocabulary/eurostat/itm_newa/19022","ENERGY; LUBRICANTS - gas","","19022","valid","2010-04-20"
"http://dd.eionet.europa.eu/vocabulary/eurostat/itm_newa/19023","ENERGY; LUBRICANTS - other fuels and propellants","","19023","valid","2010-04-20"
"http://dd.eionet.europa.eu/vocabulary/eurostat/itm_newa/19029","ENERGY; LUBRICANTS - energy; lubricants: other","","19029","valid","2010-04-20"
"http://dd.eionet.europa.eu/vocabulary/eurostat/itm_newa/19030","FERTILISERS AND SOIL IMPROVERS","","19030","valid","2010-04-20"
"http://dd.eionet.europa.eu/vocabulary/eurostat/itm_newa/19031","FERTILISERS AND SOIL IMPROVERS - Fertilisers supplied by other agricultural holdings","","19031","valid","2010-04-20"
"http://dd.eionet.europa.eu/vocabulary/eurostat/itm_newa/19032","FERTILISERS AND SOIL IMPROVERS - Fertilisers purchased from outside the agricultural 'industry'","","19032","valid","2010-04-20"
"http://dd.eionet.europa.eu/vocabulary/eurostat/itm_newa/19040","PLANT PROTECTION PRODUCTS, HERBICIDES, INSECTICIDES AND PESTICIDES","","19040","valid","2010-04-20"
"http://dd.eionet.europa.eu/vocabulary/eurostat/itm_newa/19050","VETERINARY EXPENSES","","19050","valid","2010-04-20"
"http://dd.eionet.europa.eu/vocabulary/eurostat/itm_newa/19060","FEEDINGSTUFFS (INTERMEDIATE CONSUMPTION)","","19060","valid","2010-04-20"
"http://dd.eionet.europa.eu/vocabulary/eurostat/itm_newa/19061","FEEDINGSTUFFS (INTERMEDIATE CONSUMPTION) - feedingstuffs supplied by other agricultural holdings","","19061","valid","2010-04-20"
"http://dd.eionet.europa.eu/vocabulary/eurostat/itm_newa/19062","FEEDINGSTUFFS (INTERMEDIATE CONSUMPTION) - feedingstuffs purchased from outside the agricultural 'industry'","","19062","valid","2010-04-20"
"http://dd.eionet.europa.eu/vocabulary/eurostat/itm_newa/19063","FEEDINGSTUFFS (INTERMEDIATE CONSUMPTION) - feedingstuffs produced and consumed by the same holding","","19063","valid","2010-04-20"
"http://dd.eionet.europa.eu/vocabulary/eurostat/itm_newa/19070","MAINTENANCE OF MATERIALS","","19070","valid","2010-04-20"
"http://dd.eionet.europa.eu/vocabulary/eurostat/itm_newa/19080","MAINTENANCE OF BUILDINGS","","19080","valid","2010-04-20"
"http://dd.eionet.europa.eu/vocabulary/eurostat/itm_newa/19090","AGRICULTURAL SERVICES (INTERMEDIATE CONSUMPTION)","","19090","valid","2010-04-20"
"http://dd.eionet.europa.eu/vocabulary/eurostat/itm_newa/19095","FINANCIAL INTERMEDIATION SERVICES INDIRECTLY MEASURED (FISIM)","","19095","valid","2010-04-20"
"http://dd.eionet.europa.eu/vocabulary/eurostat/itm_newa/19900","OTHER GOODS AND SERVICES","","19900","valid","2010-04-20"
"http://dd.eionet.europa.eu/vocabulary/eurostat/itm_newa/20000","GROSS VALUE ADDED AT BASIC PRICES","","20000","valid","2010-04-20"
"http://dd.eionet.europa.eu/vocabulary/eurostat/itm_newa/21000","FIXED CAPITAL CONSUMPTION","","21000","valid","2010-04-20"
"http://dd.eionet.europa.eu/vocabulary/eurostat/itm_newa/21100","FIXED CAPITAL CONSUMPTION : EQUIPMENT","","21100","valid","2010-04-20"
"http://dd.eionet.europa.eu/vocabulary/eurostat/itm_newa/21200","FIXED CAPITAL CONSUMPTION : BUILDINGS","","21200","valid","2010-04-20"
"http://dd.eionet.europa.eu/vocabulary/eurostat/itm_newa/21300","PLANTATIONS","","21300","valid","2010-04-20"
"http://dd.eionet.europa.eu/vocabulary/eurostat/itm_newa/21900","OTHERS","","21900","valid","2010-04-20"
"http://dd.eionet.europa.eu/vocabulary/eurostat/itm_newa/22000","NET VALUE ADDED AT BASIC PRICES","","22000","valid","2010-04-20"
"http://dd.eionet.europa.eu/vocabulary/eurostat/itm_newa/23000","COMPENSATION OF EMPLOYEES","","23000","valid","2010-04-20"
"http://dd.eionet.europa.eu/vocabulary/eurostat/itm_newa/24000","OTHER TAXES ON PRODUCTION","","24000","valid","2010-04-20"
"http://dd.eionet.europa.eu/vocabulary/eurostat/itm_newa/25000","OTHER SUBSIDIES ON PRODUCTION","","25000","valid","2010-04-20"
"http://dd.eionet.europa.eu/vocabulary/eurostat/itm_newa/26000","FACTOR INCOME","","26000","valid","2010-04-20"
"http://dd.eionet.europa.eu/vocabulary/eurostat/itm_newa/27000","OPERATING SURPLUS/MIXED INCOME","","27000","valid","2010-04-20"
"http://dd.eionet.europa.eu/vocabulary/eurostat/itm_newa/28000","RENTS AND OTHER REAL ESTATE RENTAL CHARGES TO BE PAID","","28000","valid","2010-04-20"
"http://dd.eionet.europa.eu/vocabulary/eurostat/itm_newa/29000","INTEREST PAID","","29000","valid","2010-04-20"
"http://dd.eionet.europa.eu/vocabulary/eurostat/itm_newa/30000","INTEREST RECEIVED","","30000","valid","2010-04-20"
"http://dd.eionet.europa.eu/vocabulary/eurostat/itm_newa/31000","ENTREPRENEURIAL INCOME","","31000","valid","2010-04-20"
"http://dd.eionet.europa.eu/vocabulary/eurostat/itm_newa/32000","GFCF IN AGRICULTURAL PRODUCTS","","32000","valid","2010-04-20"
"http://dd.eionet.europa.eu/vocabulary/eurostat/itm_newa/32100","GFCF IN PLANTATIONS","","32100","valid","2010-04-20"
"http://dd.eionet.europa.eu/vocabulary/eurostat/itm_newa/32200","GFCF IN ANIMALS","","32200","valid","2010-04-20"
"http://dd.eionet.europa.eu/vocabulary/eurostat/itm_newa/33000","GFCF IN NON-AGRICULTURAL PRODUCTS","","33000","valid","2010-04-20"
"http://dd.eionet.europa.eu/vocabulary/eurostat/itm_newa/33100","GFCF IN MATERIALS","","33100","valid","2010-04-20"
"http://dd.eionet.europa.eu/vocabulary/eurostat/itm_newa/33110","GFCF IN MACHINES AND OTHER EQUIPMENT","","33110","valid","2010-04-20"
"http://dd.eionet.europa.eu/vocabulary/eurostat/itm_newa/33120","GFCF IN TRANSPORT EQUIPMENT","","33120","valid","2010-04-20"
"http://dd.eionet.europa.eu/vocabulary/eurostat/itm_newa/33200","GFCF IN BUILDINGS","","33200","valid","2010-04-20"
"http://dd.eionet.europa.eu/vocabulary/eurostat/itm_newa/33210","GFCF IN FARM BUILDINGS (NON-RESIDENTIAL)","","33210","valid","2010-04-20"
"http://dd.eionet.europa.eu/vocabulary/eurostat/itm_newa/33220","GFCF IN OTHER WORKS EXCEPT LAND IMPROVEMENTS (OTHER BUILDINGS, STRUCTURES, ETC.)","","33220","valid","2010-04-20"
"http://dd.eionet.europa.eu/vocabulary/eurostat/itm_newa/33900","OTHER GFCF","","33900","valid","2010-04-20"
"http://dd.eionet.europa.eu/vocabulary/eurostat/itm_newa/33910","GFCF IN INTANGIBLE FIXED ASSETS (E.G. COMPUTER SOFTWARE)","","33910","valid","2010-04-20"
"http://dd.eionet.europa.eu/vocabulary/eurostat/itm_newa/33920","ADDITION TO THE VALUE OF NON-FINANCIAL NON-PRODUCED ASSETS","","33920","valid","2010-04-20"
"http://dd.eionet.europa.eu/vocabulary/eurostat/itm_newa/33921","GFCF IN MAJOR LAND IMPROVEMENTS","","33921","valid","2010-04-20"
"http://dd.eionet.europa.eu/vocabulary/eurostat/itm_newa/33922","COSTS LINKED TO THE PURCHASE OF LAND AND PRODUCTION RIGHTS","","33922","valid","2010-04-20"
"http://dd.eionet.europa.eu/vocabulary/eurostat/itm_newa/34000","GROSS FIXED CAPITAL FORMATION (EXCLUDING DEDUCTIBLE VAT)","","34000","valid","2010-04-20"
"http://dd.eionet.europa.eu/vocabulary/eurostat/itm_newa/35000","NET FIXED CAPITAL FORMATION (EXCLUDING DEDUCTIBLE VAT)","","35000","valid","2010-04-20"
"http://dd.eionet.europa.eu/vocabulary/eurostat/itm_newa/36000","CHANGES IN STOCKS","","36000","valid","2010-04-20"
"http://dd.eionet.europa.eu/vocabulary/eurostat/itm_newa/37000","CAPITAL TRANSFERS","","37000","valid","2010-04-20"
"http://dd.eionet.europa.eu/vocabulary/eurostat/itm_newa/37100","INVESTMENT GRANTS","","37100","valid","2010-04-20"
"http://dd.eionet.europa.eu/vocabulary/eurostat/itm_newa/37200","OTHER CAPITAL TRANSFERS","","37200","valid","2010-04-20"
"http://dd.eionet.europa.eu/vocabulary/eurostat/itm_newa/73100","BUCKWHEAT","","73100","valid","2010-04-20"
"http://dd.eionet.europa.eu/vocabulary/eurostat/itm_newa/73200","TRITICALE","","73200","valid","2010-04-20"
"http://dd.eionet.europa.eu/vocabulary/eurostat/itm_newa/73300","DRIED PULSES","","73300","valid","2010-04-20"
"http://dd.eionet.europa.eu/vocabulary/eurostat/itm_newa/73400","DRIED PEAS","","73400","valid","2010-04-20"
"http://dd.eionet.europa.eu/vocabulary/eurostat/itm_newa/73500","HARICOT BEANS","","73500","valid","2010-04-20"
"http://dd.eionet.europa.eu/vocabulary/eurostat/itm_newa/73600","POTATOES FOR CONSUMPTION","","73600","valid","2010-04-20"
"http://dd.eionet.europa.eu/vocabulary/eurostat/itm_newa/73700","INDUSTRIAL POTATOES","","73700","valid","2010-04-20"
"http://dd.eionet.europa.eu/vocabulary/eurostat/itm_newa/73800","POTATOE SEEDS","","73800","valid","2010-04-20"
"http://dd.eionet.europa.eu/vocabulary/eurostat/itm_newa/73900","FODDER POTATOES","","73900","valid","2010-04-20"
"http://dd.eionet.europa.eu/vocabulary/eurostat/itm_newa/74000","POPPY","","74000","valid","2010-04-20"
"http://dd.eionet.europa.eu/vocabulary/eurostat/itm_newa/74100","PAPRIKA","","74100","valid","2010-04-20"
"http://dd.eionet.europa.eu/vocabulary/eurostat/itm_newa/74200","CABBAGES","","74200","valid","2010-04-20"
"http://dd.eionet.europa.eu/vocabulary/eurostat/itm_newa/74300","ENDIVES","","74300","valid","2010-04-20"
"http://dd.eionet.europa.eu/vocabulary/eurostat/itm_newa/74400","ARTICHOKES","","74400","valid","2010-04-20"
"http://dd.eionet.europa.eu/vocabulary/eurostat/itm_newa/74500","FENNEL","","74500","valid","2010-04-20"
"http://dd.eionet.europa.eu/vocabulary/eurostat/itm_newa/74600","SALAD","","74600","valid","2010-04-20"
"http://dd.eionet.europa.eu/vocabulary/eurostat/itm_newa/74700","CONCUMBERS","","74700","valid","2010-04-20"
"http://dd.eionet.europa.eu/vocabulary/eurostat/itm_newa/74800","COURGETTE","","74800","valid","2010-04-20"
"http://dd.eionet.europa.eu/vocabulary/eurostat/itm_newa/74900","PEPPER","","74900","valid","2010-04-20"
"http://dd.eionet.europa.eu/vocabulary/eurostat/itm_newa/75000","CAROT","","75000","valid","2010-04-20"
"http://dd.eionet.europa.eu/vocabulary/eurostat/itm_newa/75100","ONIONS, SHALLOTS","","75100","valid","2010-04-20"
"http://dd.eionet.europa.eu/vocabulary/eurostat/itm_newa/75200","FRESH PEAS","","75200","valid","2010-04-20"
"http://dd.eionet.europa.eu/vocabulary/eurostat/itm_newa/75300","FRESH HARICOTS","","75300","valid","2010-04-20"
"http://dd.eionet.europa.eu/vocabulary/eurostat/itm_newa/75400","MUSHROOMS","","75400","valid","2010-04-20"
"http://dd.eionet.europa.eu/vocabulary/eurostat/itm_newa/75500","APRICOT","","75500","valid","2010-04-20"
"http://dd.eionet.europa.eu/vocabulary/eurostat/itm_newa/75600","CHERRIES","","75600","valid","2010-04-20"
"http://dd.eionet.europa.eu/vocabulary/eurostat/itm_newa/75700","WALNUTS","","75700","valid","2010-04-20"
"http://dd.eionet.europa.eu/vocabulary/eurostat/itm_newa/75800","HAZELNUTS","","75800","valid","2010-04-20"
"http://dd.eionet.europa.eu/vocabulary/eurostat/itm_newa/75900","STRAWBERRIES","","75900","valid","2010-04-20"
"http://dd.eionet.europa.eu/vocabulary/eurostat/itm_newa/76000","CURRANTS","","76000","valid","2010-04-20"
"http://dd.eionet.europa.eu/vocabulary/eurostat/itm_newa/76100","GOOSEBERRY","","76100","valid","2010-04-20"
"http://dd.eionet.europa.eu/vocabulary/eurostat/itm_newa/76200","CLEMENTINES","","76200","valid","2010-04-20"
"http://dd.eionet.europa.eu/vocabulary/eurostat/itm_newa/76300","BULBOUS OF FLOWERS","","76300","valid","2010-04-20"
"http://dd.eionet.europa.eu/vocabulary/eurostat/itm_newa/76400","CATTLE (excluding calves)","","76400","valid","2010-04-20"
"http://dd.eionet.europa.eu/vocabulary/eurostat/itm_newa/76500","CALVES","","76500","valid","2010-04-20"
"http://dd.eionet.europa.eu/vocabulary/eurostat/itm_newa/76600","HEIFERS","","76600","valid","2010-04-20"
"http://dd.eionet.europa.eu/vocabulary/eurostat/itm_newa/76700","COWS","","76700","valid","2010-04-20"
"http://dd.eionet.europa.eu/vocabulary/eurostat/itm_newa/76800","BULLS","","76800","valid","2010-04-20"
"http://dd.eionet.europa.eu/vocabulary/eurostat/itm_newa/76900","BEEF","","76900","valid","2010-04-20"
"http://dd.eionet.europa.eu/vocabulary/eurostat/itm_newa/77000","SOWS","","77000","valid","2010-04-20"
"http://dd.eionet.europa.eu/vocabulary/eurostat/itm_newa/77100","SLAUGHTERED PIGS","","77100","valid","2010-04-20"
"http://dd.eionet.europa.eu/vocabulary/eurostat/itm_newa/77200","HENS","","77200","valid","2010-04-20"
"http://dd.eionet.europa.eu/vocabulary/eurostat/itm_newa/77300","CHICKEN","","77300","valid","2010-04-20"
"http://dd.eionet.europa.eu/vocabulary/eurostat/itm_newa/77400","CHICKS","","77400","valid","2010-04-20"
"http://dd.eionet.europa.eu/vocabulary/eurostat/itm_newa/77500","CHICKS OF ONE DAY","","77500","valid","2010-04-20"
"http://dd.eionet.europa.eu/vocabulary/eurostat/itm_newa/77600","DUCKS","","77600","valid","2010-04-20"
"http://dd.eionet.europa.eu/vocabulary/eurostat/itm_newa/77700","GOOSE","","77700","valid","2010-04-20"
"http://dd.eionet.europa.eu/vocabulary/eurostat/itm_newa/77800","TURKEYS","","77800","valid","2010-04-20"
"http://dd.eionet.europa.eu/vocabulary/eurostat/itm_newa/77900","RABBITS","","77900","valid","2010-04-20"
"http://dd.eionet.europa.eu/vocabulary/eurostat/itm_newa/78000","HONEY","","78000","valid","2010-04-20"
"http://dd.eionet.europa.eu/vocabulary/eurostat/itm_newa/40000","Total labour force input","","40000","valid","2010-04-20"
"http://dd.eionet.europa.eu/vocabulary/eurostat/itm_newa/41000","Non-salaried","","41000","valid","2010-04-20"
"http://dd.eionet.europa.eu/vocabulary/eurostat/itm_newa/42000","Salaried","","42000","valid","2010-04-20"
"http://dd.eionet.europa.eu/vocabulary/eurostat/itm_newa/IND_A_EURO","Indicator A: Index of the real income of factors in agriculture per annual work unit","","IND_A_EURO","valid","2010-04-20"
"http://dd.eionet.europa.eu/vocabulary/eurostat/itm_newa/IND_B_EURO","Indicator B: Index of real net agricultural entrepreneurial income, per unpaid annual work unit","","IND_B_EURO","valid","2010-04-20"
"http://dd.eionet.europa.eu/vocabulary/eurostat/itm_newa/IND_C_EURO","Indicator C: Net entrepreneurial income of agriculture","","IND_C_EURO","valid","2010-04-20"
"http://dd.eionet.europa.eu/vocabulary/eurostat/itm_newa/IND_A","Indicator A: Index of the real income of factors in agricultural per annual work unit","","IND_A","valid","2010-04-20"
"http://dd.eionet.europa.eu/vocabulary/eurostat/itm_newa/IND_B","Indicator B: Index of real net agricultural entrepreneurial income, per unpaid annual work unit","","IND_B","valid","2010-04-20"
"http://dd.eionet.europa.eu/vocabulary/eurostat/itm_newa/IND_C","Indicator C: Net entrepreneurial income of agriculture","","IND_C","valid","2010-04-20"
